contoh,kata majemuk
Anak Torak,anak torak
Anak Uang,anak uang
Batang Air,batang air
Batang Dacing,batang dacing
Batang Leher,batang leher
Batang Tubuh,batang tubuh
Biang Cuka,biang cuka
Biang Jari,biang jari
Biang Keladi,biang keladi
Biang Keringat,biang keringat
Biang Tangan,biang tangan
Bibir Belangan,bibir belangan
Bibir Cangkir,bibir cangkir
Bibir Cawan,bibir cawan
Bibir Jalan,bibir jalan
Bibir Sumur,bibir sumur
Buah Baju,buah baju
Buah Betis,buah betis
Buah Catur,buah catur
Buah Dacing,buah dacing
Buah Dada,buah dada
Buah Guli,buah guli
Buah Hati,buah hati
Buah Lengan,buah lengan
Buah Mata,buah mata
Buah Pantat,buah pantat
Buah Pelir,buah pelir
Buah Pinggang,buah pinggang
Buah Zakar,buah zakar
Daun Neraca,daun neraca
Daun Pintu,daun pintu
Daun Telinga,daun telinga
Hidung Kapal Terbang,hidung kapal terbang
Hidung Mobil,hidung mobil
Ibu Jari,ibu jari
Ibu Kaki,ibu kaki
Ibu Kota,ibu kota
Ibu Negeri,ibu negeri
Ibu Panah,ibu panah
Ibu Tangan,ibu tangan
Induk Bala,induk bala
Induk Beras,induk beras
Induk Bunga,induk bunga
Induk Jari,induk jari
Induk Kaki,induk kaki
Induk Kalimat,induk kalimat
Induk Karangan,induk karangan
Induk Karbol,induk karbol
Induk Kereta Api,induk kereta api
Induk Madu,induk madu
Induk Padi,induk padi
Induk Roti,induk roti
Induk Rumah,induk rumah
Induk Semang,induk semang
Induk Tangan,induk tangan
Induk Tentara,induk tentara
Induk Utang,induk utang
Indung Madu,indung madu
Indung Mutiara,indung mutiara
Indung Sutera,indung sutera
Indung Telur,indung telur
Jantung Paha,jantung paha
Jantung Pisang,jantung pisang
Jantung Tangan,jantung tangan
Kaki Gunung,kaki gunung
Kaki Langit,kaki langit
Kaki Meja,kaki meja
Kepala Air,kepala air
Kepala Arwah,kepala arwah
Kepala Bagian,kepala bagian
Kepala Bahu,kepala bahu
Kepala Balok,kepala balok
Kepala Daerah,kepala daerah
Kepala Jara,kepala jara
Kepala Kain,kepala kain
Kepala Kampung,kepala kampung
Kepala Karangan,kepala karangan
Kepala Keluarga,kepala keluarga
Kepala Kereta Api,kepala kereta api
Kepala Kodi,kepala kodi
Kepala Kongsi,kepala kongsi
Kepala Kue,kepala kue
Kepala Nasi,kepala nasi
Kepala Negara,kepala negara
Kepala Negeri,kepala negeri
Kepala Paha,kepala paha
Kepala Pasukan,kepala pasukan
Kepala Payung,kepala payung
Kepala Perampok,kepala perampok
Kepala Perang,kepala perang
Kepala Pulau,kepala pulau
Kepala Racun,kepala racun
Kepala Regu,kepala regu
Kepala Soda,kepala soda
Kepala Santan,kepala santan
Kepala Sarung,kepala sarung
Kepala Sekolah,kepala sekolah
Kepala Stasiun,kepala stasiun
Kepala Suku,kepala suku
Kepala Surat,kepala surat
Kepala Susu,kepala susu
Kepala Tahu,kepala tahu
Kepala Tahun,kepala tahun
Kepala Terompah,kepala terompah
Kepala Tongkat,kepala tongkat
Kepala Tungku,kepala tungku
Mata Air,mata air
Mata Alamat,mata alamat
Mata Anggaran,mata anggaran
Mata Angin,mata angin
Mata Ayam,mata ayam
Mata Bajak,mata bajak
Mata Bedil,mata bedil
Mata Beliung,mata beliung
Mata Benda,mata benda
Mata Bisul,mata bisul
Mata Buku,mata buku
Mata Bulan,mata bulan
Mata Cangkul,mata cangkul
Mata Cincin,mata cincin
Mata Dabus,mata dabus
Mata Dacing,mata dacing
Mata Dagangan,mata dagangan
Mata Duli,mata duli
Mata Gunting,mata gunting
Matahari,matahari
Mata Hati,mata hati
Mata Huruf,mata huruf
Mata Jala,mata jala
Mata Kail,mata kail
Mata Kain,mata kain
Mata Kaki,mata kaki
Mata Kayu,mata kayu
Mata Kerek,mata kerek
Mata Keris,mata keris
Mata Kuliah,mata kuliah
Mata Luka,mata luka
Mata Meriam,mata meriam
Mata Pahi,mata pahi
Mata Panah,mata panah
Mata Pangkur,mata pangkur
Mata Pedang,mata pedang
Mata Pedoman,mata pedoman
Mata Pelajaran,mata pelajaran
Mata Pencarian,mata pencarian
Mata Petir,mata petir
Mata Pisau,mata pisau
Mata Rantai,mata rantai
Mata Sangkur,mata sangkur
Mata Susu,mata susu
Mata Tajak,mata tajak
Mata Tembilang,mata tembilang
Mata Tombak,mata tombak
Mata Tong,mata tong
Mata Uang,mata uang
Moncong Senapan,moncong senapan
Mulut Bedil,mulut bedil
Mulut Meriam,mulut meriam
Mulut Sungai,mulut sungai
Pantat Ceret,pantat ceret
Pantal Periuk,pantal periuk
Perut Bumi,perut bumi
Perut Daun,perut daun
Perut Kapal,perut kapal
Perut Padi,perut padi
Suku Bangsa,suku bangsa
Suku Bunga,suku bunga
Suku Emas,suku emas
Suku Jam,suku jam
Suku Kata,suku kata
Suku Tahun,suku tahun
Tajuk Rencana,tajuk rencana
Tajuk Surat,tajuk surat
Tangan Baju,tangan baju
Alih Bahasa,alih bahasa
Alih Teknologi,alih teknologi
Bagi Hasil,bagi hasil
Balap Sepeda,balap sepeda
Balik Nama,balik nama
Basuh Lantai,basuh lantai
Bela Diri,bela diri
Belah Batang,belah batang
Belah Betung,belah betung
Belah Buluh,belah buluh
Belah Bumbung,belah bumbung
Belah Dada,belah dada
Belah Ketupat,belah ketupat
Belah Lemang,belah lemang
Belah Mulut,belah mulut
Bina Raga,binaraga
Bina Wicara,bina wicara
Cacah Jiwa,cacah jiwa
Cuci Otak,cuci otak
Dengar Pendapat,dengar pendapat
Ganti Rugi,ganti rugi
Gorang Kacang,gorang kacang
Goreng Pisang,goreng pisang
Gugur Gunung,gugur gunung
Ikat Belanda,ikat belanda
Ikat Dagang Luar,ikat dagang luar
Ikat Emas,ikat emas
Ikat Perang,ikat perang
Ikat Permata,ikat permata
Ikat Pinggang,ikat pinggang
Kawal Gunung,kawal gunung
Kekang Diri,kekang diri
Lempar Cakram,lempar cakram
Lempar Lembing,lempar lembing
Lomba Mengarang,lomba mengarang
Lomba Kebersihan,lomba kebersihan
Lomba Kekayaan ,lomba kekayaan 
Lomba Lari,lomba lari
Lomba Layar,lomba layar
Lontar Martil,lontar martil
Panggang Ayam,panggang ayam
Rancang Bangun,rancang bangun
Reka Bentuk,reka bentuk
Reka Cipta,reka cipta
Sepak Bola,sepak bola
Sepak Raga,sepak raga
Sepak Takraw,sepak takraw
Tata Bahasa,tata bahasa
Tata Bentuk,tata bentuk
Tata Buku,tata buku
Tata Cara,tata cara
Tata Hukum,tata hukum
Tata Kalimat,tata kalimat
Tata Kata,tata kata
Tata Laksana,tata laksana
Tata Nama,tata nama
Tata Negara,tata negara
Tata Niaga,tata niaga
Tata Praja,tata praja
Tata Ruang,tata ruang
Tata Surya,tata surya
Tata Tertib,tata tertib
Tata Usaha,tata usaha
Temu Muka,temu muka
Titi Nada,titi nada
Tolak Bala,tolak bala
Tolak Bara,tolak bara
Tolak Peluru,tolak peluru
Tolak Senjata,tolak senjata
Tolak Sumpah,tolak sumpah
Tumpah Darah,tumpah darah
Uji Kadar,uji kadar
Ulang Tahun,ulang tahun
Unjuk Perasaan,unjuk perasaan
Alat Gesek,alat gesek
Alat Tiup,alat tiup
Anak Angkat,anak angkat
Anak Asuh,anak asuh
Anak Buangan,anak buangan
Anak Dapat,anak dapat
Anak Didik,anak didik
Anak Pungut,anak pungut
Ayah Angkat,ayah angkat
Ayam Goreng,ayam goreng
Ayam Panggang,ayam panggang
Babi Guling,babi guling
Bapak Angkat,bapak angkat
Bulu Tangkis,bulu tangkis
Hutan Lindung,hutan lindung
Ibu Angkat,ibu angkat
Kacang Goreng,kacang goreng
Kambing Guling,kambing guling
Karya Tulis,karya tulis
Kentang Goreng,kentang goreng
Kopi Tubruk,kopi tubruk
Nara Pidana,nara pidana
Nasi Bungkus,nasi bungkus
Nasi Dandang,nasi dandang
Nasi Uduk,nasi uduk
Nasi Goreng,nasi goreng
Nasi Kepal,nasi kepal
Nasi Kukus,nasi kukus
Nasi Lecek,nasi lecek
Nasi Lemang,nasi lemang
Nasi Meroyan,nasi meroyan
Nasi Ransum,nasi ransum
Nasi Tambah,nasi tambah
Nasi Tanak,nasi tanak
Nasi Tim,nasi tim
Orang Tua Angkat,orang tua angkat
Param Kocok,param kocok
Peluru Kendali,peluru kendali
Pisang Goreng,pisang goreng
Rambut Jalin,rambut jalin
Roti Bakar,roti bakar
Sambal Ulek,sambal ulek
Senjata Genggam,senjata genggam
Tangga Lipat,tangga lipat
Tangga Pilin,tangga pilin
Tikar Jalin,tikar jalin
Umpan Balik,umpan balik
Hormat Senjata,hormat senjata
Lombat Tali,lombat tali
Loncat Galah,loncat galah
Mandi Uap,mandi uap
Terjun Payung,terjun payung
Tusuk Jarum,tusuk jarum
Cetak Biru,cetak biru
Cetak Lepas,cetak lepas
Cetak Ulang,cetak ulang
Gerak Lurus,gerak lurus
Gerak Putar,gerak putar
Hukum Gantung,hukum gantung
Hukum Pecat,hukum pecat
Hukum Penggal,hukum penggal
Hukum Tembak,hukum tembak
Kerja Bakti,kerja bakti
Kerja Lembur,kerja lembur
Kerja Paksa,kerja paksa
Kerja Sama,kerja sama
Layang Gantung,layang gantung
Lompat Jauh,lompat jauh
Loncat Indah,loncat indah
Tanam Paksa,tanam paksa
Tukar Tambah,tukar tambah
Uji Coba,uji coba
Uji Petik,uji petik
Sumpah Jabatan,sumpah jabatan
Sumpah Setia,sumpah setia
Temu Karya,temu karya
Temu Wicara,temu wicara
Tindak Balas,tindak balas
Tindak Lanjut,tindak lanjut
Turun Istirahat,turun istirahat
Turun Main,turun main
Turun Mandi,turun mandi
Turun Minum,turun minum
Abu Gosok,abu gosok
Alat Cacah,alat cacah
Alat Ukur,alat ukur
Ayam Aduan,ayam aduan
Ayam Daging,ayam daging
Ayam Petelur,ayam petelur
Ayam Sabung,ayam sabung
Ayam Telur,ayam telur
Batu Loncatan,batu loncatan
Bengkel Kerja,bengkel kerja
Daya Beli,daya beli
Daya Cipta,daya cipta
Daya Dorong,daya dorong
Daya Gerak,daya gerak
Daya Guna,daya guna
Daya Hidup,daya hidup
Daya Juang,daya juang
Daya Penarik,daya penarik
Daya Pikir,daya pikir
Daya Serap,daya serap
Daya Tahan,daya tahan
Daya Tanggap,daya tanggap
Daya Tangkap,daya tangkap
Daya Tarik,daya tarik
Doa Tobat,doa tobat
Duit Kopi,duit kopi
Gambar Tempel,gambar tempel
Gedung Juang,gedung juang
Hak Jawab,hak jawab
Hak Pakai,hak pakai
Hak Pilih,hak pilih
Hak Tolak,hak tolak
Jam Bicara,jam bicara
Jalan Masuk,jalan masuk
Jalan Pintas,jalan pintas
Jalan Tembus,jalan tembus
Jalan Kirim,jalan kirim
Kamar Kerja,kamar kerja
Kapal Keruk,kapal keruk
Kapal Perang,kapal perang
Kapal Pesiar,kapal pesiar
Kapal Selam,kapal selam
Kapur Tulis,kapur tulis
Kawan Bicara,kawan bicara
Kilang Minyak,kilang minyak
Kuda Beban,kuda beban
Kuda Pacu,kuda pacu
Kuda Tunggang,kuda tunggang
Kursi Goyang,kursi goyang
Kursi Malas,kursi malas
Langkah Kerja,langkah kerja
Mercu Suar,mercu suar
Minyak Gorang,minyak gorang
Nasi Angkatan,nasi angkatan
Nasi Damai,nasi damai
Nasi Hadap-hadapan,nasi hadap-hadapan
Obat Bius,obat bius
Obat Kuat,obat kuat
Obat Penawar,obat penawar
Obat Penenang,obat penenang
Obat Tidur,obat tidur
Parit Kuras,parit kuras
Peran Serta,peran serta
Pesawat Tempur,pesawat tempur
Pintu Angin,pintu angin
Pipa Kuras,pipa kuras
Pita Suara,pita suara
Pompa Angin,pompa angin
Rapat Kerja,rapat kerja
Ruang Kerja,ruang kerja
Ruang Bedah,ruang bedah
Rumah Gadai,rumah gadai
Rumah Makan,rumah makan
Rumah Sakit,rumah sakit
Sanggar Kerja,sanggar kerja
Surat Jalan,surat jalan
Surat Tugas,surat tugas
Tanah Tumpah Darah,tanah tumpah darah
Tanda Baca,tanda baca
Tanda Bagi,tanda bagi
Tanda Hubung,tanda hubung
Tanda Kurung,tanda kurung
Tanda Seru,tanda seru
Tanda Tambah,tanda tambah
Tanda Tanya,tanda tanya
Tangga Nada,tangga nada
Tenggang Tangguh,tenggang tangguh
Titik Didih,titik didih
Titik Luluh,titik luluh
Titik Tolak,titik tolak
Uang Bandar,uang bandar
Uang Belanja,uang belanja
Uang Duduk,uang duduk
Uang Jaga,uang jaga
Uang Jajan,uang jajan
Uang Jalan,uang jalan
Uang Jasa,uang jasa
Uang Kancing,uang kancing
Uang Kopi,uang kopi
Uang Kunci,uang kunci
Uang Lauk Pauk,uang lauk pauk
Uang Lembur,uang lembur
Uang Makan,uang makan
Uang Meja,uang meja
Uang Pelicin,uang pelicin
Uang Pokok,uang pokok
Uang Rokok,uang rokok
Uang Sekolah,uang sekolah
Uang Sembah,uang sembah
Uang Semir,uang semir
Uang Sidang,uang sidang
Uang Sirih,uang sirih
Uang Sogok,uang sogok
Uang Teh,uang teh
Uang Terjun,uang terjun
Uang Tinta,uang tinta
Uang Tolak,uang tolak
Warung Senggol,warung senggol
Jalur Kirim,jalur kirim
Abang Kandung,abang kandung
Anak Kandung,anak kandung
Api Unggun,api unggun
Buah Bibir,buah bibir
Buah Cakap,buah cakap
Buah Kalam,buah kalam
Buah Kesenian,buah kesenian
Buah Mimpi,buah mimpi
Buah Mulut,buah mulut
Buah Pembicaraan,buah pembicaraan
Buah Pena,buah pena
Buah Percakapan,buah percakapan
Buah Pikiran,buah pikiran
Buah Tangan,buah tangan
Buah Tutur,buah tutur
Daya Batin,daya batin
Daya Kuda,daya kuda
Duka Cita,dukacita
Hak Cipta,hak cipta
Hak Milik,hak milik
Ibu Kandung,ibu kandung
Kabar Angin,kabar angin
Kakak Kandung,kakak kandung
Luka Bakar,luka bakar
Luka Tikam,luka tikam
Marak Damar,marak damar
Marak Intan,marak intan
Marak Kaca,marak kaca
Marak Logam,marak logam
Musik Gesek,musik gesek
Saudara Kandung,saudara kandung
Suka Cita,sukacita
Bajak Laut,bajak laut
Gerak Jalan,gerak jalan
Kapal Laut,kapal laut
Kapal Udara,kapal udara
Lari Gawang,lari gawang
Uang Muka,uang muka
Uang Pangkal,uang pangkal
Angin Sakal,angin sakal
Bintang Kitar,bintang kitar
Bulan Kitar,bulan kitar
Bunga Rampai,bunga rampai
Darah Iring,darah iring
Garis Bujur,garis bujur
Garis Hubung,garis hubung
Garis Lintang,garis lintang
Garis Singgung,garis singgung
Kampanye Lisan,kampanye lisan
Minyak Rampai,minyak rampai
Roda Kitar,roda kitar
Ubi Jalar,ubi jalar
Ubi Rambut,ubi rambut
Ban Angin,ban angin
Kapal Layar,kapal layar
Kapal Meriam,kapal meriam
Kereta Angin,kereta angin
Kereta Api,kereta api
Mesin Uap,mesin uap
Nasi Beriani,nasi beriani
Nasi Lemak,nasi lemak
Nasi Minyak,nasi minyak
Nasi Rawon,nasi rawon
Nasi Telur,nasi telur
Nasi Ulam,nasi ulam
Rem Angin,rem angin
Sumpah Pocong,sumpah pocong
Sumpah Quran,sumpah quran
Sumpah Uji Api,sumpah uji api
Tangga Senigai,tangga senigai
Tuan Kebun,tuan kebun
Tuan Tanah,tuan tanah
Kuasa Usaha,kuasa usaha
Nara Sumber,nara sumber
Salah Anggaran,salah anggaran
Salah Asuhan,salah asuhan
Salah Cetak,salah cetak
Salah Ejaan,salah ejaan
Salah Penerimaan,salah penerimaan
Salah Perasaan,salah perasaan
Setia Kawan,setia kawan
Tertib Acara,tertib acara
Tertib Ejaan,tertib ejaan
Tertib Hukum,tertib hukum
Tertib Nikah,tertib nikah
Wajib Bela Diri,wajib bela diri
Wajib Belajar,wajib belajar
Wajib Latih,wajib latih
Wajib Militer,wajib militer
Wajib Pajak,wajib pajak
Wajib Sarjana,wajib sarjana
Wajib Uji,wajib uji
Obat Angin,obat angin
Obat Batuk,obat batuk
Obat Cacing,obat cacing
Obat Demam,obat demam
Obat Kurap,obat kurap
Obat Lali,obat lali
Obat Nyamuk,obat nyamuk
Obat Pening,obat pening
Obat Penyakit Perut,obat penyakit perut
Obat Rindu,obat rindu
Bulan Madu,bulan madu
Bulan Puasa,bulan puasa
Hari Jadi,hari jadi
Hari Ulang Tahun,hari ulang tahun
Musim Buah,musim buah
Musim Bunga,musim bunga
Musim Dingin,musim dingin
Musim Gugur,musim gugur
Musim Hujan,musim hujan
Musim Kemarau,musim kemarau
Musim Kering,musim kering
Musim Panas,musim panas
Doa Malam,doa malam
Doa Pagi,doa pagi
Kuliah Sore,kuliah sore
Kuliah Subuh,kuliah subuh
Sembahyang Magrib,sembahyang magrib
Sembahyang Subuh,sembahyang subuh
Utang Budi,utang budi
Utang Emas,utang emas
Utang Kepala,utang kepala
Utang Nyawa,utang nyawa
Jago Balap,jago balap
Jago Gelut,jago gelut
Jago Kepruk,jago kepruk
Jago Lari,jago lari
Jago Tembak,jago tembak
Jago Tinju,jago tinju
Juru Anggar,juru anggar
Juru Api,juru api
Juru Bahasa,juru bahasa
Juru Batu,juru batu
Juru Bayar,juru bayar
Juru Bendungan,juru bendungan
Juru Berita,juru berita
Juru Bicara,juru bicara
Juru Buku,juru buku
Juru Cacar,juru cacar
Juru Dapur,juru dapur
Juru Gambar,juru gambar
Juru Gudang,juru gudang
Juru Jana,juru jana
Juru Kamera,juru kamera
Juru Kelat,juru kelat
Juru Kerah,juru kerah
Juru Khitan,juru khitan
Juru Kunci,juru kunci
Juru Layar,juru layar
Juru Lelang,juru lelang
Juru Masak,juru masak
Juru Meriam,juru meriam
Juru Minyak,juru minyak
Juru Mitar,juru mitar
Juru Motor,juru motor
Juru Muat,juru muat
Juru Mudi,juru mudi
Juru Obat,juru obat
Juru Parkir,juru parkir
Juru Peledak,juru peledak
Juru Perbekalan,juru perbekalan
Juru Peta,juru peta
Juru Rawat,juru rawat
Juru Rias,juru rias
Juru Runding,juru runding
Juru Selam,juru selam
Juru Sita,juru sita
Juru Sumpit,juru sumpit
Juru Tafsir,juru tafsir
Juru Tagih,juru tagih
Juru Tambak,juru tambak
Juru Tanah,juru tanah
Juru Tera,juru tera
Juru Terbang,juru terbang
Juru Tik,juru tik
Juru Tinggi,juru tinggi
Juru Topografi,juru topografi
Juru Tulis,juru tulis
Juru Tunjuk,juru tunjuk
Juru Ulas,juru ulas
Pandai Besi,pandai besi
Pandai Canai,pandai canai
Pandai Emas,pandai emas
Pandai Kayu,pandai kayu
Pandai Lukis,pandai lukis
Pandai Obat,pandai obat
Tukang Abu Gosok,tukang abu gosok
Tukang Air,tukang air
Tukang Akuarium,tukang akuarium
Tukang Arloji,tukang arloji
Tukang Baso,tukang baso
Tukang Batu,tukang batu
Tukang Becak,tukang becak
Tukang Besi,tukang besi
Tukang Bodor,tukang bodor
Tukang Bohong,tukang bohong
Tukang Bonceng,tukang bonceng
Tukang Buah,tukang buah
Tukang Bubur Ayam,tukang bubur ayam
Tukang Canai,tukang canai
Tukang Cap,tukang cap
Tukang Catut,tukang catut
Tukang Cetak,tukang cetak
Tukang Cicip,tukang cicip
Tukang Copet,tukang copet
Tukang Cukur,tukang cukur
Tukang Daging,tukang daging
Tukang Dendam,tukang dendam
Tukang Derek,tukang derek
Tukang Derji,tukang derji
Tukang Dongkel,tukang dongkel
Tukang Emas,tukang emas
Tukang Es,tukang es
Tukang Fitnah,tukang fitnah
Tukang Gado-gado,tukang gado-gado
Tukang Gangsir,tukang gangsir
Tukang Gedor,tukang gedor
Tukang Gerobak,tukang gerobak
Tukang Gigi,tukang gigi
Tukang Godot,tukang godot
Tukang Gosok,tukang gosok
Tukang Gudeg,tukang gudeg
Tukang Gunting,tukang gunting
Tukang Hasut,tukang hasut
Tukang Ijon,tukang ijon
Tukang Ikan,tukang ikan
Tukang Jahit,tukang jahit
Tukang Jilat,tukang jilat
Tukang Jual,tukang jual
Tukang Judi,tukang judi
Tukang Kaleng,tukang kaleng
Tukang Kapur,tukang kapur
Tukang Kasut,tukang kasut
Tukang Kayu,tukang kayu
Tukang Kebut,tukang kebut
Tukang Kembang,tukang kembang
Tukang Keplok,tukang keplok
Tukang Kepruk,tukang kepruk
Tukang Kereta,tukang kereta
Tukang Kotak,tukang kotak
Tukang Kredit,tukang kredit
Tukang Kritik,tukang kritik
Tukang Kuda,tukang kuda
Tukang Kue,tukang kue
Tukang Kukus Nasi,tukang kukus nasi
Tukang Kulkas,tukang kulkas
Tukang Kundai,tukang kundai
Tukang Lampu,tukang lampu
Tukang Las,tukang las
Tukang Ledeng,tukang ledeng
Tukang Listrik,tukang listrik
Tukang Loak,tukang loak
Tukang Lumas,tukang lumas
Tukang Mabok,tukang mabok
Tukang Main Piano,tukang main piano
Tukang Makan,tukang makan
Tukang Marah,tukang marah
Tukang Masak,tukang masak
Tukang Minum,tukang minum
Tukang Minyak,tukang minyak
Tukang Nebeng,tukang nebeng
Tukang Ngamen,tukang ngamen
Tukang Ngomel,tukang ngomel
Tukang Nguping,tukang nguping
Tukang Nunut,tukang nunut
Tukang Nyanyi,tukang nyanyi
Tukang Obat,tukang obat
Tukang Pacak,tukang pacak
Tukang Pajak,tukang pajak
Tukang Patri,tukang patri
Tukang Patung,tukang patung
Tukang Pedati,tukang pedati
Tukang Pelat,tukang pelat
Tukang Peras,tukang peras
Tukang Perkosa,tukang perkosa
Tukang Pos,tukang pos
Tukang Potong,tukang potong
Tukang Potret,tukang potret
Tukang Pukul,tukang pukul
Tukang Pungut,tukang pungut
Tukang Rias,tukang rias
Tukang Rokok,tukang rokok
Tukang Roti,tukang roti
Tukang Royal,tukang royal
Tukang Rumah,tukang rumah
Tukang Rumput,tukang rumput
Tukang Sabit,tukang sabit
Tukang Samak,tukang samak
Tukang Sambar,tukang sambar
Tukang Sapu,tukang sapu
Tukang Sate,tukang sate
Tukang Sayur,tukang sayur
Tukang Senjata,tukang senjata
Tukang Sepatu,tukang sepatu
Tukang Sihir,tukang sihir
Tukang Sol Sepatu,tukang sol sepatu
Tukang Sulap,tukang sulap
Tukang Sundut,tukang sundut
Tukang Suruh,tukang suruh
Tukang Tadah,tukang tadah
Tukang Tagih,tukang tagih
Tukang Tambal,tukang tambal
Tukang Tanah,tukang tanah
Tukang Telepon,tukang telepon
Tukang Teluh,tukang teluh
Tukang Tembaga,tukang tembaga
Tukang Tenung,tukang tenung
Tukang Terompah,tukang terompah
Tukang Tidur,tukang tidur
Tukang Tik,tukang tik
Tukang Todong,tukang todong
Tukang Ukur,tukang ukur
Tukang Ular,tukang ular
Tukang Warung,tukang warung
Utas Perigi,utas perigi
Cepat Lidah,cepat lidah
Cepat Mulut,cepat mulut
Cepat Tangan,cepat tangan
Cukup Umur,cukup umur
Dalu Warsa,dalu warsa
Dapat Hati,dapat hati
Datang Bulan,datang bulan
Datang Hati,datang hati
Dingin Hati,dingin hati
Dingin Kepala,dingin kepala
Dingin Tangan,dingin tangan
Dua Hati,dua hati
Enak Badan,enak badan
Enteng Jodoh,enteng jodoh
Enteng Rejeki,enteng rejeki
Gatal Mulut,gatal mulut
Gatal Tangan,gatal tangan
Gegar Otak,gegar otak
Gelap Hati,gelap hati
Gelap Mata,gelap mata
Gelap Pikiran,gelap pikiran
Geli Hati,geli hati
Gering Hulu,gering hulu
Gugur Hati,gugur hati
Habis Akal,habis akal
Habis Jodoh,habis jodoh
Habis Perkara,habis perkara
Hampa Tangan,hampa tangan
Hangat Hati,hangat hati
Hilang Akal,hilang akal
Hilang Arwah,hilang arwah
Hilang Ingatan,hilang ingatan
Hilang Keberanian,hilang keberanian
Hilang Pikiran,hilang pikiran
Hilang Semangat,hilang semangat
Hina Budi,hina budi
Hina Pekerti,hina pekerti
Iba Hati,iba hati
Iri Hati,iri hati
Jatuh Colok,jatuh colok
Jatuh Harga,jatuh harga
Jatuh Hati,jatuh hati
Jatuh Merek,jatuh merek
Jatuh Nama,jatuh nama
Jatuh Talak,jatuh talak
Jilah Kening,jilah kening
Kasar Tangan,kasar tangan
Kebal Kulit,kebal kulit
Kecil Hati,kecil hati
Kekok Akal,kekok akal
Kelam Mata,kelam mata
Kembang Hati,kembang hati
Kembang Tengkuk,kembang tengkuk
Kena Hati,kena hati
Kepalang Ajar,kepalang ajar
Keras Hati,keras hati
Keras Hidung,keras hidung
Keras Jangat,keras jangat
Keras Kepala,keras kepala
Keras Lidah,keras lidah
Keras Mulut,keras mulut
Keras Tulang,keras tulang
Kering Darah,kering darah
Kotor Mulut,kotor mulut
Kuat Hati,kuat hati
Kuat Iman,kuat iman
Kurang Adab,kurang adab
Kurang Adat,kurang adat
Kurang Air,kurang air
Kurang Ajar,kurang ajar
Kurang Akal,kurang akal
Kurang Asam,kurang asam
Kurang Bahasa,kurang bahasa
Kurang Darah,kurang darah
Kurang Hati,kurang hati
Kurang Ingatan,kurang ingatan
Kurang Sinar,kurang sinar
Kurang Tenaga,kurang tenaga
Lancang Mulut,lancang mulut
Lancar Kaji,lancar kaji
Lantas Akal,lantas akal
Lantas Tangan,lantas tangan
Lapang Dada,lapang dada
Lapang Hati,lapang hati
Lapang Perut,lapang perut
Lebar Mulut,lebar mulut
Lega Dada,lega dada
Lega Hati,lega hati
Lemah Hati,lemah hati
Lemah Semangat,lemah semangat
Lemah Syahwat,lemah syahwat
Lemah Zakar,lemah zakar
Lembut Hati,lembut hati
Lengah Mata,lengah mata
Lepas Malu,lepas malu
Lepas Tangan ,lepas tangan 
Lepas Tugas,lepas tugas
Lesu Darah,lesu darah
Lunak Hati,lunak hati
Lunak Mulut,lunak mulut
Lurus Akal,lurus akal
Lurus Hati,lurus hati
Mahal Senyuman,mahal senyuman
Manis Mulut,manis mulut
Masak Ajar,masak ajar
Masuk Akal,masuk akal
Mati Angin,mati angin
Mati Pucuk,mati pucuk
Mati Raga,mati raga
Mati Rasa,mati rasa
Mati Tulang,mati tulang
Mengkal Hati,mengkal hati
Merah Telinga,merah telinga
Muda Hati,muda hati
Murah Hati,murah hati
Murah Mulut,murah mulut
Murah Rejeki,murah rejeki
Murah Tangan,murah tangan
Naik Darah,naik darah
Naik Daun,naik daun
Naik Derajat,naik derajat
Naik Gaji,naik gaji
Naik Hati,naik hati
Naik Kelas,naik kelas
Naik Marak,naik marak
Naik Merek,naik merek
Naik Palak,naik palak
Naik Pangkat,naik pangkat
Naik Semangat,naik semangat
Naik Setum,naik setum
Naik Tangan,naik tangan
Panas Dalam,panas dalam
Panas Hati,panas hati
Panjang Akal,panjang akal
Panjang Lidah,panjang lidah
Panjang Mata,panjang mata
Panjang Mulut,panjang mulut
Panjang Tangan,panjang tangan
Panjang Umur,panjang umur
Panjang Untung,panjang untung
Pantas Mulut,pantas mulut
Pantas Tangan,pantas tangan
Patah Hati,patah hati
Patah Kemudi,patah kemudi
Patah Lesu,patah lesu
Patah Lidah,patah lidah
Patah Nafsu,patah nafsu
Patah Pucuk,patah pucuk
Patah Selera,patah selera
Patah Siku,patah siku
Patah Tulang,patah tulang
Pecah Hati,pecah hati
Pecah Kulit,pecah kulit
Pedih Hati,pedih hati
Pendek Akal,pendek akal
Pendek Kaji,pendek kaji
Pendek Napas,pendek napas
Pendek Permintaan,pendek permintaan
Pendek Pikiran,pendek pikiran
Pening Kepala,pening kepala
Pilu Hati,pilu hati
Pulang Pokok,pulang pokok
Putih Hati,putih hati
Putih Mata,putih mata
Putus Akad,putus akad
Putus Akal,putus akal
Putus Asa,putus asa
Putus Bicara,putus bicara
Putus Harapan,putus harapan
Putus Harga,putus harga
Putus Ikhtiar,putus ikhtiar
Putus Kaji,putus kaji
Putus Lotere,putus lotere
Putus Mupakat,putus mupakat
Putus Napas,putus napas
Putus Niat,putus niat
Putus Nyawa,putus nyawa
Putus Rejeki,putus rejeki
Putus Umur,putus umur
Rambang Mata,rambang mata
Rapuh Hati,rapuh hati
Rapuh Mulut,rapuh mulut
Rawan Hati,rawan hati
Rela hati,rela hati
Rendah Budi,rendah budi
Rendah Diri,rendah diri
Rendah Hati,rendah hati
Rentan Hati,rentan hati
Riang Mulut,riang mulut
Ringan Kaki,ringan kaki
Ringan Kepala,ringan kepala
Ringan Mulut,ringan mulut
Ringan Tangan,ringan tangan
Ringan Tulang,ringan tulang
Rusuh Hati,rusuh hati
Sakit Hati,sakit hati
Sakit Jantung,sakit jantung
Sakit Kepala,sakit kepala
Salah Benang,salah benang
Salah Hati,salah hati
Salah Jalan,salah jalan
Salah Jawab,salah jawab
Salah Kata,salah kata
Salah Kira-kira,salah kira-kira
Salah Langkah,salah langkah
Salah Urat,salah urat
Salah Wesel,salah wesel
Sama Bunyi,sama bunyi
Sama Rupa,sama rupa
Sama Ucap,sama ucap
Sampai Ajal,sampai ajal
Sampai Hati,sampai hati
Sebal Hati,sebal hati
Sedap Hati,sedap hati
Sedih Hati,sedih hati
Sedu Hati,sedu hati
Sejuk Hati,sejuk hati
Sempit Hati,sempit hati
Sempit Kalang ,sempit kalang 
Sempit Kening,sempit kening
Sempit Pandangan,sempit pandangan
Senang Hati,senang hati
Serong Hati,serong hati
Sesat Akal,sesat akal
Sesat Barat,sesat barat
Sesat Lalu,sesat lalu
Sesat Langkah,sesat langkah
Sesat Pikiran,sesat pikiran
Sesat Pusat,sesat pusat
Setengah Hati,setengah hati
Setengah Mati,setengah mati
Siap Mental,siap mental
Singkat Akal,singkat akal
Singkat Kata,singkat kata
Singkat Mulut,singkat mulut
Singkat Pengetahuan,singkat pengetahuan
Singkat Tangan,singkat tangan
Suka Hati,suka hati
Tabah Hati,tabah hati
Tajam Akal,tajam akal
Tajam Hidung,tajam hidung
Tajam Ingatan,tajam ingatan
Tajam Lidah,tajam lidah
Tajam Lilik,tajam lilik
Tawar Hati,tawar hati
Tebal Bibir,tebal bibir
Tebal Jangat,tebal jangat
Tebal Kulit,tebal kulit
Tebal Lidah,tebal lidah
Tebal Muka,tebal muka
Tebal Telinga,tebal telinga
Tegar Hati,tegar hati
Teguh Hati,teguh hati
Tepat Waktu,tepat waktu
Terang Akal,terang akal
Terang Hati,terang hati
Tetap Hati,tetap hati
Tinggi Hati,tinggi hati
Tinggi Rejeki,tinggi rejeki
Tipis Harapan,tipis harapan
Tipis Telinga,tipis telinga
Tunabusana,tunabusana
Tunakarya,tunakarya
Tunanetra,tunanetra
Tunarungu,tunarungu
Tunasusila,tunasusila
Tunawicara,tunawicara
Tunawisma,tunawisma
Turun Darah,turun darah
Turun Harga,turun harga
Turun Merek,turun merek
Turun Pangkat,turun pangkat
Turun Tangan,turun tangan
Walang Hati,walang hati
Waswas Hati,waswas hati
Hidung Belang,hidung belang
Hidung Putih,hidung putih
Jarak Jauh,jarak jauh
Kain Kotor,kain kotor
Kepala Berat,kepala berat
Kepala Dingin,kepala dingin
Kepala Dua,kepala dua
Kepala Lengar,kepala lengar
Kepala Ringan,kepala ringan
Mata Dekat,mata dekat
Mata Duitan,mata duitan
Mata Gelap,mata gelap
Mata Jauh,mata jauh
Mata Luyu,mata luyu
Mata Luyut,mata luyut
Mata Mamang,mata mamang
Mata Panjang,mata panjang
Mata Ragum,mata ragum
Mata Rambang,mata rambang
Mata Ruyup,mata ruyup
Mata Sepet,mata sepet
Mata Tolak Raih,mata tolak raih
Mulut Bisa,mulut bisa
Mulut Busuk,mulut busuk
Mulut Gatal,mulut gatal
Mutut Kotor,mutut kotor
Mulut Manis,mulut manis
Mulut Tajam,mulut tajam
Perut Busuk,perut busuk
Tangan Naik,tangan naik
Telinga Tipis,telinga tipis
Adu Buku Tangan,adu buku tangan
Adu Cepat,adu cepat
Adu Kening,adu kening
Adu Kuat,adu kuat
Adu Lidah,adu lidah
Adu Pendapat,adu pendapat
Adu Tenaga,adu tenaga
Adu Ujung Jarum,adu ujung jarum
Adu Jari,adu jari
Adu Untung,adu untung
Adu Upaya,adu upaya
Alih Kecek,alih kecek
Alih Langkah,alih langkah
Alih Nama,alih nama
Ambil Bagian,ambil bagian
Ambil Berat,ambil berat
Ambil Hati,ambil hati
Ambil Pusing,ambil pusing
Angkat Bahu,angkat bahu
Angkat Bicara,angkat bicara
Angkat Diri,angkat diri
Angkat Kaki,angkat kaki
Angkat Kening,angkat kening
Angkat Mata,angkat mata
Angkat Sembah,angkat sembah
Angkat Sumpah,angkat sumpah
Angkat Tangan,angkat tangan
Angkat Topi,angkat topi
Balas Budi,balas budi
Balik Adab,balik adab
Balik Arah,balik arah
Balik Belah,balik belah
Balik Gagang,balik gagang
Balik Mata,balik mata
Banting Tulang,banting tulang
Basuh Mulut,basuh mulut
Bawa Diri,bawa diri
Bawa Nasib,bawa nasib
Buang Air,buang air
Buang Aksi,buang aksi
Buang Diri,buang diri
Buka Praktek,buka praktek
Buka Puasa,buka puasa
Buka Suara,buka suara
Bunuh Diri,bunuh diri
Cemar Kaki,cemar kaki
Cuci Gudang,cuci gudang
Cuci Mata,cuci mata
Cuci Muka,cuci muka
Cuci Mulut,cuci mulut
Cuci Tangan,cuci tangan
Dapat Angin,dapat angin
Diam Diri,diam diri
Genggam-gemggam Bara,genggam-gemggam bara
Goyang Kaki,goyang kaki
Goyang Kepala,goyang kepala
Goyang Lidah,goyang lidah
Goyang Pinggul,goyang pinggul
Gulung Tikar,gulung tikar
Hisap Darah,hisap darah
Jalan Kaki,jalan kaki
Jawat Tangan,jawat tangan
Jejak Bahu,jejak bahu
Jejak Bara,jejak bara
Keras Batang Leher,keras batang leher
Keras Laku,keras laku
Lintas Batas,lintas batas
Lintas Budaya,lintas budaya
Lintas Sektoral,lintas sektoral
Lupa Daratan,lupa daratan
Main Api,main api
Main Hakim (Sendiri),main hakim sendiri
Main Kartu,main kartu
Main Kayu,main kayu
Main Mata,main mata
Makan Angin,makan angin
Makan Duit,makan duit
Makan Jangat,makan jangat
Makan Suap,makan suap
Menang Angka,menang angka
Menang Lotre,menang lotre
Menang Suara,menang suara
Minta Ampun,minta ampun
Minta Diri,minta diri
Mohon Ampun,mohon ampun
Mohon Diri,mohon diri
Naik Kapal,naik kapal
Naik Kuda Hijau,naik kuda hijau
Naik Pelamin,naik pelamin
Naik Takhta,naik takhta
Pacu Jantung,pacu jantung
Pandang Bulu,pandang bulu
Pasang Aksi,pasang aksi
Pasang Kuda-kuda,pasang kuda-kuda
Percaya Angin,percaya angin
(tidak) Pandang Bulu,(tidak) pandang bulu
Pilih Kasih,pilih kasih
Pilih-pilih Ruas,pilih-pilih ruas
Pilih-pilih Tebu,pilih-pilih tebu
Pindah Buku,pindah buku
Pindah Darah,pindah darah
Pindah Rumah,pindah rumah
Pindah Tangan,pindah tangan
Potong Jalan,potong jalan
Potong Kompas,potong kompas
Sentuh Landas,sentuh landas
Tahan Diri,tahan diri
Tahan Harga,tahan harga
Tahan Hati,tahan hati
Tahan Napas,tahan napas
Tahan Sabar,tahan sabar
Tahu Adat ,tahu adat 
Tahu Aturan,tahu aturan
Tahu Balas,tahu balas
Tahu Batas,tahu batas
Tahu Diri,tahu diri
Tamat Quran,tamat quran
Tangkap Muka,tangkap muka
Tangkap Tangan,tangkap tangan
Tarik Muka Dua Belas,tarik muka dua belas
Tarik Suara,tarik suara
Tarik Urat,tarik urat
Taruh Hati,taruh hati
Tekuk Lutut,tekuk lutut
Tenggang Hati,tenggang hati
Tenggang Rasa,tenggang rasa
Terima Kasih,terima kasih
Tidak Tahu Malu,tidak tahu malu
Tinggal Landas,tinggal landas
Tolak Angin,tolak angin
Tolak Pinggang,tolak pinggang
Tukar Cincin,tukar cincin
Tunjuk Hidung,tunjuk hidung
Turun Gunung,turun gunung
Turun Ranjang,turun ranjang
Turun Tanah,turun tanah
Turun Tangga,turun tangga
Unjuk Diri,unjuk diri
Unjuk Gigi,unjuk gigi
Asal Beli,asal beli
Asal Jadi,asal jadi
Baik Sangka,baik sangka
Buruk Ambil,buruk ambil
Buruk Laku,buruk laku
Buruk Sangka,buruk sangka
Imbal Beli,imbal beli
Kalah Kuat,kalah kuat
Kalah Pandai,kalah pandai
Kalah Tinggi,kalah tinggi
Kurang Cerap,kurang cerap
Kurang Ingat,kurang ingat
Kurang Jadi,kurang jadi
Kurang Makan,kurang makan
Kurang Periksa,kurang periksa
Kurang Pikir,kurang pikir
Kurang Tanggap,kurang tanggap
Kurang Terima,kurang terima
Kurang Tilik,kurang tilik
Pandai Jatuh,pandai jatuh
Pendek Kira-kira,pendek kira-kira
Salah Rasa,salah rasa
Salah Sangka,salah sangka
Salah Sebut,salah sebut
Salah Tafsir,salah tafsir
Salah Tampa,salah tampa
Salah Tebak,salah tebak
Salah Terima,salah terima
Salah Ucap,salah ucap
Sama Kuat,sama kuat
Sama Mudah,sama mudah
Sama Tinggi,sama tinggi
Salah Agak,salah agak
Salah Ambil,salah ambil
Salah Baca,salah baca
Salah Bikin,salah bikin
Salah Dengar,salah dengar
Salah Bidik,salah bidik
Salah Dorong,salah dorong
Salah Duga,salah duga
Salah Eja,salah eja
Salah Guna,salah guna
Salah Hitung,salah hitung
Salah Jamah,salah jamah
Salah Kena,salah kena
Salah Kira,salah kira
Salah Lihat,salah lihat
Salah Mengerti,salah mengerti
Salah Pakai,salah pakai
Salah Pilih,salah pilih
Salah Raba,salah raba
Ada angin,ada angin
Ada hati,ada hati
Atas Angin,atas angin
atas pagar,atas pagar
awet muda,awet muda
Bau Bangkai,bau bangkai
Bau Minyak,bau minyak
Bawah Angin,bawah angin
Bawah Tanah,bawah tanah
Berak Darah,berak darah
Berani Mati,berani mati
Berat Anak,berat anak
Berat Istri,berat istri
Berat Sebelah,berat sebelah
Berat Suami,berat suami
Buta Huruf,buta huruf
Buta Kayu,buta kayu
Buta Malam,buta malam
Buta Politik,buta politik
Buta Siang,buta siang
Buta Warna,buta warna
Cerai Susu,cerai susu
Dalam Kota,dalam kota
Dalam Negeri,dalam negeri
Gila Pangkat,gila pangkat
Habis Tempo,habis tempo
Hampa Udara,hampa udara
Haus Buku,haus buku
Haus Darah,haus darah
Haus Kekuasaan,haus kekuasaan
Haus Uang,haus uang
Jatuh Tempo,jatuh tempo
Jauh Hari,jauh hari
Jauh Malam,jauh malam
Kalah Suara,kalah suara
Kering Embun,kering embun
Laik Laut,laik laut
Laik Udara,laik udara
Layak Laut,layak laut
Layak Udara,layak udara
Lepas Landas,lepas landas
Lepas Pantai,lepas pantai
Lolos Butuh,lolos butuh
Luar Biasa,luar biasa
Luar Kota,luar kota
Luar Negeri,luar negeri
Melek Huruf,melek huruf
Mogok Kuliah,mogok kuliah
Mogok Makan,mogok makan
Naik Apel,naik apel
Naik Banding,naik banding
Naik Nobat,naik nobat
Peka Cahaya,peka cahaya
Puas Diri,puas diri
Salah Air,salah air
Salah Angkuh,salah angkuh
Salah Rupa,salah rupa
Sama Tengah,sama tengah
Sesat Air,sesat air
Siap Pakai,siap pakai
Siap Tempur,siap tempur
Terang Bulan,terang bulan
Terang Cuaca,terang cuaca
Terang Hari,terang hari
Terang Tanah,terang tanah
Terang Terbang Lalat,terang terbang lalat
Tinggi Hari,tinggi hari
Busung Darah,busung darah
Busung Lapar,busung lapar
Cerai Mati,cerai mati
Cerai Tembilang,cerai tembilang
Mabuk Asmara,mabuk asmara
Mabuk Birahi,mabuk birahi
Mabuk Bunga Raya,mabuk bunga raya
Mabuk Bunga Selasih,mabuk bunga selasih
Mabuk Darah,mabuk darah
Mabuk Durian,mabuk durian
Mabuk Gadung,mabuk gadung
Mabuk Kepayang,mabuk kepayang
Mabuk Laut,mabuk laut
Mabuk Ombak,mabuk ombak
Mabuk Udara,mabuk udara
Mandi Angin,mandi angin
Mandi Darah,mandi darah
Mandi Keringat,mandi keringat
Mandi Ombak,mandi ombak
Mandi Peluh,mandi peluh
Masak Tangan,masak tangan
Gagal Total,gagal total
Harap-harap Cemas,harap-harap cemas
Kawin Lari,kawin lari
Kawin Paksa,kawin paksa
Kawin Tamasya,kawin tamasya
Keras-keras Lemah,keras-keras lemah
Mati Seladang,mati seladang
Mati Syahid,mati syahid
Mogok Duduk,mogok duduk
Nikah Tamasya,nikah tamasya
Terima Salah,terima salah
Kembar Lima,kembar lima
Kembar Tiga,kembar tiga
Lipat Banyak,lipat banyak
Lipat Dua,lipat dua
Lipat Tiga,lipat tiga
Kedap Air,kedap air
Kedap Suara,kedap suara
Tahan Air,tahan air
Tahan Api,tahan api
Tahan Besi,tahan besi
Tahan Cuci,tahan cuci
Tahan Gelombang,tahan gelombang
Tahan Hina,tahan hina
Tahan Kias,tahan kias
Tahan Lama,tahan lama
Tahan Lapar,tahan lapar
Tahan Lasak,tahan lasak
Tahan Palu,tahan palu
Tahan Peluru,tahan peluru
Tahan Sesah,tahan sesah
Tahan Tangan,tahan tangan
Tahan Tembak,tahan tembak
Tahan Uji,tahan uji
Bodoh-bodoh Sepat,bodoh-bodoh sepat
Bulat Telur,bulat telur
Bulat Torak,bulat torak
Bunting Kerbau,bunting kerbau
Buta Ayam,buta ayam
Cabik-cabik Bulu Ayam,cabik-cabik bulu ayam
Carik-carik Bulu Ayam,carik-carik bulu ayam
Diam-diam Lepu,diam-diam lepu
Hangat-hangat Kuku,hangat-hangat kuku
Hangat-hangat Tahi Ayam,hangat-hangat tahi ayam
Hijau Lumut,hijau lumut
Hitam-hitam Gula Jawa,hitam-hitam gula jawa
Hitam Manggis,hitam manggis
Jinak-jinak Merpati,jinak-jinak merpati
Juling Air,juling air
Keras-keras Kerak,keras-keras kerak
Keruh-keruh Kerak,keruh-keruh kerak
Kesat-kesat Daun Pisang,kesat-kesat daun pisang
Kuning Gading,kuning gading
Kuning Langsat,kuning langsat
Lari-lari Anjing,lari-lari anjing
Layu Bunga,layu bunga
Lepas Angin,lepas angin
Lipat Kajang,lipat kajang
Luas-luas Daun Lalang,luas-luas daun lalang
Lurus-lurus Ekor Anjing,lurus-lurus ekor anjing
Lurus Tabung,lurus tabung
Mabuk Empat Tiang,mabuk empat tiang
Malu-malu Kucing,malu-malu kucing
Mati Katak,mati katak
Mati Kutu,mati kutu
Merdeka Ayam,merdeka ayam
Nyengir Kuda,nyengir kuda
Patah Arang,patah arang
Patah Batu,patah batu
Pekak Badak,pekak badak
Pekak Batu,pekak batu
Pekak Labang,pekak labang
Pening-pening Lalat,pening-pening lalat
Putih Salju,putih salju
Putus Arang,putus arang
Sakit Kaki Gajah,sakit kaki gajah
Sakit Kuning,sakit kuning
Silu-silu Asam,silu-silu asam
Suam-suam Kuku,suam-suam kuku
Terang-terang Kain,terang-terang kain
Tidur-tidur Ayam,tidur-tidur ayam
Tua-tua Keladi,tua-tua keladi
Tua-tua Kelapa,tua-tua kelapa
Banjir Uang,banjir uang
Lut Sinar,lut sinar
Masuk Angin,masuk angin
Penuh Air,penuh air
Tembus Cahaya,tembus cahaya
Tembus Mata,tembus mata
Tembus Pandang,tembus pandang
Balik Belakang,balik belakang
Balik Kerak,balik kerak
Belok Kiri,belok kiri
Hadap Kanan,hadap kanan
Hadap Kiri,hadap kiri
Masuk Desa,masuk desa
Masuk Kerja,masuk kerja
Masuk Perangkap,masuk perangkap
Masuk Sekolah,masuk sekolah
Masuk Suluk,masuk suluk
Naik Darat,naik darat
Pulang Kampung,pulang kampung
Pulang Kandang,pulang kandang
Pulang Kantor,pulang kantor
Turun Kandang,turun kandang
Jatuh Cinta,jatuh cinta
Jatuh Melarat,jatuh melarat
Jatuh Miskin,jatuh miskin
Jatuh Pailit,jatuh pailit
Jatuh Sakit,jatuh sakit
Masuk Belanda,masuk belanda
Masuk Islam,masuk islam
Masuk kompeni,masuk kompeni
Masuk Kristen,masuk kristen
Masuk Tentara,masuk tentara
Naik Besar,naik besar
Naik Gembira,naik gembira
Naik Geram,naik geram
Naik Haji,naik haji
Naik Marah,naik marah
Naik Mempelai,naik mempelai
Naik Pitam,naik pitam
Naik Raja,naik raja
Naik Saksi,naik saksi
Pergi Haji,pergi haji
Bagi Rata,bagi rata
Beri Tahu,beri tahu
Bumi Hangus,bumi hangus
Pukul Mundur,pukul mundur
Tembak Jatuh,tembak jatuh
Tembak Mati,tembak mati
Tahu Ada,tahu ada
Tahu Beres,tahu beres
Tahu Jadi,tahu jadi
Tahu Dia,tahu dia
Tangkap Basar,tangkap basar
Kepala Angin,kepala angin
Kepala Batu,kepala batu
Kepala Udang,kepala udang
Mata Biji Saga,mata biji saga
Mata Kelemayar,mata kelemayar
Mata Keranjang,mata keranjang
Mata Sabun,mata sabun
Mata Seluang,mata seluang
Otak Udang,otak udang
Telinga Kuali,telinga kuali
Telinga Tempayan,telinga tempayan
Jerih Penat,jerih penat
Karib Bait,karib bait
Kasih Sayang,kasih sayang
Kawal Sambang,kawal sambang
Kecil Mungil,kecil mungil
Kekal Abadi,kekal abadi
Keluh Kesah,keluh kesah
Kepalang Tanggung,kepalang tanggung
Kusut Masai,kusut masai
Kusut Rumut,kusut rumut
Kutuk Laknat,kutuk laknat
Lalu Lalang,lalu lalang
Lambat Laun,lambat laun
Lembah Ngarai,lembah ngarai
Limpah Ruah,limpah ruah
Malang Melintang,malang melintang
Mara Bahaya,mara bahaya
Miskin Papa,miskin papa
Muda Beliau,muda beliau
Nur Cahaya,nur cahaya
Pahit Getir,pahit getir
Pecah Belah,pecah belah
Pekik Sorak,pekik sorak
Piuh Pilin,piuh pilin
Pucat Kusam,pucat kusam
Pucat Nasi,pucat nasi
Pucuk Rayu,pucuk rayu
Rawa Paya,rawa paya
Riak Gelombang,riak gelombang
Salah Silih,salah silih
Sanak Saudara,sanak saudara
Sangkut Paut,sangkut paut
Sarap Sampah,sarap sampah
Sebab Musabab,sebab musabab
Sedu Sedan,sedu sedan
Sehat Walafiat,sehat walafiat
Semak Belukar,semak belukar
Semak Samun,semak samun
Senda Gurau,senda gurau
Siap Siaga,siap siaga
Sopan Santun,sopan santun
Sorak Sorai,sorak sorai
Suka Ria,sukaria
Sumpah Serapah,sumpah serapah
Sunyi Senyap,sunyi senyap
Susah Payah,susah payah
Tebak Terka,tebak terka
Tegur Sapa,tegur sapa
Tempik Sorak,tempik sorak
Tenggang Waktu,tenggang waktu
Tindak Tanduk,tindak tanduk
Tingkah Laku,tingkah laku
Tipu Daya,tipu daya
Tipu Muslihat,tipu muslihat
Titi Mangsa,titi mangsa
Tolok Ukur,tolok ukur
Tulus Ikhlas,tulus ikhlas
Tumpah Ruah,tumpah ruah
Turut Serta,turut serta
Tutur Sapa,tutur sapa
Warta Berita,warta berita
Yatim Piatu,yatim piatu
Akal Budi,akal budi
Akhir Kelak,akhir kelak
Amal Bakti,amal bakti
Aman Sejahtera,aman sejahtera
Aman Sentosa,aman sentosa
Aman Tenteram,aman tenteram
Anak Bini,anak bini
Anak Buah,anak buah
Anak Istri,anak istri
Aneh (bin) Ajaib,aneh bin ajaib
Arah Tujuan,arah tujuan
Asal Mula,asal mula
Asal Usul,asal usul
Asam Garam,asam garam
Asyik Masyuk,asyik masyuk
Babak Belur,babak belur
Baca Tulis,baca tulis
Bea Cukai,bea cukai
Bebas Rahasia,bebas rahasia
Belajar Mengajar,belajar mengajar
Beradik Berkakak,beradik berkakak
Berakar Berumbi,berakar berumbi
Beras Petas,beras petas
Biru Lebam,biru lebam
Budi Bahasa,budi bahasa
Budi Pekerti,budi pekerti
Cerah Ceria,cerah ceria
Cerdas Cermat,cerdas cermat
Cerdas Tangkas,cerdas tangkas
Cita Rasa,cita rasa
Cumbu Rayu,cumbu rayu
Darah Daging,darah daging
Daya Ikhtiar,daya ikhtiar
Daya Upaya,daya upaya
Daya Usaha,daya usaha
Doa Restu,doa restu
Gagah Berani,gagah berani
Gagah Perwira,gagah perwira
Harta Benda,harta benda
Haru Biru,haru biru
Hati Nurani,hati nurani
Hutan Belukar,hutan belukar
Ilmu Pengetahuan,ilmu pengetahuan
Intan Permata,intan permata
Inti Sari,inti sari
Iri Dengki,iri dengki
Isak Tangis,isak tangis
Jantung Hati,jantung hati
Jejak Langkah,jejak langkah
Jerit Tangis,jerit tangis
Kain Baju,kain baju
Kaki Tangan,kaki tangan
Kampung Halaman,kampung halaman
Kaum Keluarga,kaum keluarga
Kaum Kerabat,kaum kerabat
Keamanan Ketertiban,keamanan ketertiban
Kelak Kemudian,kelak kemudian
Kembang Biak,kembang biak
Kering Kerontang,kering kerontang
Kosong Melompong,kosong melompong
Kurus Kering,kurus kering
Lagak Lagu,lagak lagu
Lemah Gemulai,lemah gemulai
Lemah Laun,lemah laun
Lemah Lembut,lemah lembut
Lemah Lentur,lemah lentur
Lemah Lunglai,lemah lunglai
Lesu Lemah,lesu lemah
Letih Lesu,letih lesu
Letih Lisut,letih lisut
Mala Petaka,malapetaka
Mata Telinga,mata telinga
Merdeka Berdaulat,merdeka berdaulat
Nafsu Berahi,nafsu berahi
Nenek Moyang,nenek moyang
Nista Umpat,nista umpat
Nusa Bangsa,nusa bangsa
Padang Belantara,padang belantara
Pala Wija,pala wija
Pangkat Kedudukan,pangkat kedudukan
Panjang Lebar,panjang lebar
Pencak Silat,pencak silat
Periuk Belanga,periuk belanga
Pinggan Cawan,pinggan cawan
Pokok Pangkal,pokok pangkal
Ratap Tangis,ratap tangis
Reka Yasa,rekayasa
Rindu Dendam,rindu dendam
Rukun Damai,rukun damai
Rumah Tangga,rumah tangga
Suka Baka,suka baka
Salah Bebal,salah bebal
Salam Takzim,salam takzim
Sama Rata,sama rata
Samun Sakal,samun sakal
Sebar Luas,sebar luas
Segar Bugar,segar bugar
Seia Sekata,seia sekata
Seiring Sejalan,seiring sejalan
Sembah Sujud,sembah sujud
Senasib Sepenanggungan,senasib sepenanggungan
Sepak Terjang,sepak terjang
Siap Sedia,siap sedia
Silang Selisih,silang selisih
Silang Sengketa,silang sengketa
Simpang Siur,simpang siur
Sirih Pinang,sirih pinang
Suci Murni,suci murni
Suka Rela,sukarela
Suku Sakat,suku sakat
Suri Teladan,suri teladan
Syak Wasangka,syak wasangka
Tak Lain Tak Bukan,tak lain tak bukan
Takut-takut Segan,takut-takut segan
Tambal Sulam,tambal sulam
Tanah Air,tanah air
Tanggung Jawab,tanggung jawab
Taufik Hidayat,taufik hidayat
Teluk Rantau,teluk rantau
Timbal Balik,timbal balik
Tinggi Semampai,tinggi semampai
Tugas Kewajiban,tugas kewajiban
Tunjuk Ajar,tunjuk ajar
Zakat Fitrah,zakat fitrah
Atas Bawah,atas bawah
Besar Kecil,besar kecil
Bongkar Pasang,bongkar pasang
Depan Belakang,depan belakang
Gali Uruk,gali uruk
Haluan Buritan,haluan buritan
Hidup-hidup Mati,hidup-hidup mati
Hilir Mudik,hilir mudik
Ijab Kabul,ijab kabul
Jatuh Bangun,jatuh bangun
Jauh Dekat,jauh dekat
Jiwa Raga,jiwa raga
Jual Beli,jual beli
Jungkir Balik,jungkir balik
Kawin Cerai,kawin cerai
Kembang Kempis,kembang kempis
Kembang Kuncup,kembang kuncup
Ke sana Ke mari,ke sana ke mari
Luar Dalam,luar dalam
Lupa-lupa Ingat,lupa-lupa ingat
Mau Tak Mau,mau tak mau
Muka Belakang,muka belakang
Panas Dingin,panas dingin
Panas-panas Dingin,panas-panas dingin
Pergi Balik,pergi balik
Plus Minus,plus minus
Sedikit Banyak,sedikit banyak
Sehidup Semati,sehidup semati
Suka Duka,suka duka
Suka Tak Suka,suka tak suka
Timbul Tenggelam,timbul tenggelam
Timbul-timbul Tenggelam,timbul-timbul tenggelam
Tinggi Rendah,tinggi rendah
Tragedi Komedi,tragedi komedi
Tragi-komedi,tragi-komedi
Untung Rugi,untung rugi
Utang Piutang,utang piutang
Ayah Bunda,ayah bunda
Ayah Ibu,ayah ibu
Bruder Suster,bruder suster
Dewa Dewi,dewa dewi
Hadirin Hadirat,hadirin hadirat
Jantan Betina,jantan betina
Kakek Nenek,kakek nenek
Laki Bini,laki bini
Laki-laki Perempuan,laki-laki perempuan
Muda Mudi,muda mudi
Pria Wanita,pria wanita
Putra Putri,putra putri
Saudara Saudari,saudara saudari
Suami Istri,suami istri
Teruna Teruni,teruna teruni
Anak Cucu,anak cucu
Kakak Adik,kakak adik
Berkakak Adik,berkakak adik
Tua Muda,tua muda
Basah Kuyup,basah kuyup
Satu Padu,satu padu
Campur Aduk,campur aduk
Hancur Lebur,hancur lebur
Hancur Luluh,hancur luluh
Merah Padam,merah padam
Penuh Sesak,penuh sesak
Putih Bersih,putih bersih
Rusak Binasa,rusak binasa
Singkat Padat,singkat padat
Teguh Kukuh,teguh kukuh
Tenteram Damai,tenteram damai
Terus Terang,terus terang
Tua Bangka,tua bangka
Tua Renta,tua renta
Tumpang Tindih,tumpang tindih
Ambil Alih,ambil alih
Candak Kulak,candak kulak
Cespleng,cespleng
Crekbul,crekbul
Kian Ke mari,kian ke mari
Peluk Cium,peluk cium
Petik Jual,petik jual
Rebut Rampas,rebut rampas
Sekali Dua,sekali dua
Serah Terima,serah terima
Tabrak Lari,tabrak lari
Tangkap Jual,tangkap jual
Tanya Jawab,tanya jawab
Timbang Terima,timbang terima
Tokcer,tokcer
Anak Air,anak air
Anak Ali-ali,anak ali-ali
Anak Angin,anak angin
Anak Api,anak api
Anak Asak,anak asak
Anak Baju,anak baju
Anak Bangsawan,anak bangsawan
Anak Bari,anak bari
Anak Batu,anak batu
Anak Benua,anak benua
Anak Bilik,anak bilik
Anak Bukit,anak bukit
Anak Busur,anak busur
Anak Dagang,anak dagang
Anak Damak,anak damak
Anak Dayung,anak dayung
Anak Gambang,anak gambang
Anak Genta,anak genta
Anak Ginjal,anak ginjal
Anak Gobek,anak gobek
Anak Gumbang,anak gumbang
Anak Igu,anak igu
Anak Jari,anak jari
Anak Jentera,anak jentera
Anak Joget,anak joget
Anak Kalimat,anak kalimat
Anak Kapi,anak kapi
Anak Kati,anak kati
Anak Kilas,anak kilas
Anak Kunci,anak kunci
Anak Lela,anak lela
Anak Lidah,anak lidah
Anak Limpa,anak limpa
Anak Lumpang,anak lumpang
Anak Mata,anak mata
Anak Meja,anak meja
Anak Meriam,anak meriam
Anak Negeri,anak negeri
Anak Panah,anak panah
Anak Panggung,anak panggung
Anak Perigi,anak perigi
Anak Rambut,anak rambut
Anak Roda,anak roda
Anak Saku,anak saku
Anak Sungai,anak sungai
Anak Tangan,anak tangan
Anak Tangga,anak tangga
Anak Tari,anak tari
Anak Tekak,anak tekak
Anak Telinga,anak telinga
Anak Timbangan,anak timbangan
Anak Tonil,anak tonil
,akhir pekan
,tahun baru
,olahraga
,kacamata
,mobil listrik
,olah tubuh
,olah rasa
,orang tua
,akad nikah
,angkatan darat
,angkatan laut
,angkatan udara
,gelap gulita
,gelak tawa
,gotong royong
,surat kabar
,fakir miskin
,raut muka
,pancaindra
,alam semesta
,nilai tambah
,anak kampung
,lapangan kerja
,lapangan pekerjaan